{
  "arm": "B",
  "config": {
    "nolearn": false,
    "stdp_target": true,
    "delay": true,
    "delay_n": 2,
    "scratch": false
  },
  "horizon": 1000,
  "final_pop": 600,
  "extinct": false,
  "final_library_bytes": 6197,
  "mean_brain_neurons": 43.955,
  "mean_brain_synapses": 30.331666666666667,
  "recall_sensor_median_final": 0,
  "recall_to_vocal_synapse_median_final": 0,
  "recall_sensors_trend": [
    0,
    0,
    0,
    0,
    0,
    0,
    0,
    0,
    0,
    0,
    0,
    0,
    0,
    0,
    0,
    0,
    0,
    0,
    0,
    0,
    0
  ],
  "r2v_synapses_trend": [
    0,
    0,
    0,
    0,
    0,
    0,
    0,
    0,
    0,
    0,
    0,
    0,
    0,
    0,
    0,
    0,
    0,
    0,
    0,
    0,
    0
  ],
  "brain_sizes_trend": [
    [
      44.0,
      31.0
    ],
    [
      43.99386503067485,
      30.950920245398773
    ],
    [
      43.94865525672372,
      30.662591687041566
    ],
    [
      43.906666666666666,
      30.361666666666668
    ],
    [
      43.91166666666667,
      30.365
    ],
    [
      43.91,
      30.366666666666667
    ],
    [
      43.915,
      30.34
    ],
    [
      43.91833333333334,
      30.355
    ],
    [
      43.92,
      30.365
    ],
    [
      43.92333333333333,
      30.355
    ],
    [
      43.935,
      30.36
    ],
    [
      43.93833333333333,
      30.351666666666667
    ],
    [
      43.945,
      30.341666666666665
    ],
    [
      43.945,
      30.331666666666667
    ],
    [
      43.943333333333335,
      30.333333333333332
    ],
    [
      43.943333333333335,
      30.333333333333332
    ],
    [
      43.943333333333335,
      30.328333333333333
    ],
    [
      43.94166666666667,
      30.328333333333333
    ],
    [
      43.94,
      30.325
    ],
    [
      43.945,
      30.328333333333333
    ],
    [
      43.955,
      30.331666666666667
    ]
  ]
}