{
  "arm": "C",
  "config": {
    "nolearn": false,
    "stdp_target": true,
    "delay": true,
    "delay_n": 2,
    "scratch": true
  },
  "horizon": 1000,
  "final_pop": 195,
  "extinct": false,
  "final_library_bytes": 6205,
  "mean_brain_neurons": 75.98974358974358,
  "mean_brain_synapses": 94.98974358974358,
  "recall_sensor_median_final": 32.0,
  "recall_to_vocal_synapse_median_final": 64.0,
  "recall_sensors_trend": [
    32.0,
    32.0,
    32.0,
    32.0,
    32.0,
    32.0,
    32.0,
    32.0,
    32.0,
    32.0,
    32.0,
    32.0,
    32.0,
    32.0,
    32.0,
    32.0,
    32.0,
    32.0,
    32.0,
    32.0,
    32.0
  ],
  "r2v_synapses_trend": [
    64.0,
    64.0,
    64.0,
    64.0,
    64.0,
    64.0,
    64.0,
    64.0,
    64.0,
    64.0,
    64.0,
    64.0,
    64.0,
    64.0,
    64.0,
    64.0,
    64.0,
    64.0,
    64.0,
    64.0,
    64.0
  ],
  "brain_sizes_trend": [
    [
      76.0,
      95.0
    ],
    [
      75.99641577060932,
      94.99283154121864
    ],
    [
      75.99655172413793,
      94.96206896551725
    ],
    [
      75.98897058823529,
      94.98161764705883
    ],
    [
      75.9820143884892,
      94.9748201438849
    ],
    [
      75.95652173913044,
      94.96739130434783
    ],
    [
      75.9812030075188,
      94.95864661654136
    ],
    [
      75.97416974169742,
      94.94464944649447
    ],
    [
      75.98863636363636,
      94.98484848484848
    ],
    [
      75.99227799227799,
      94.98841698841699
    ],
    [
      75.9921875,
      94.984375
    ],
    [
      75.98823529411764,
      94.9843137254902
    ],
    [
      75.99209486166008,
      94.98418972332016
    ],
    [
      75.99603174603175,
      94.98412698412699
    ],
    [
      75.99606299212599,
      94.9724409448819
    ],
    [
      75.99183673469388,
      94.99183673469388
    ],
    [
      75.99137931034483,
      94.98706896551724
    ],
    [
      75.99553571428571,
      94.99107142857143
    ],
    [
      75.99547511312217,
      94.99095022624434
    ],
    [
      75.99047619047619,
      94.99047619047619
    ],
    [
      75.98974358974358,
      94.98974358974358
    ]
  ]
}