{
  "arm": "C",
  "config": {
    "nolearn": false,
    "stdp_target": true,
    "delay": true,
    "delay_n": 2,
    "scratch": true
  },
  "horizon": 4000,
  "final_pop": 600,
  "extinct": false,
  "final_library_bytes": 6196,
  "mean_brain_neurons": 75.49666666666667,
  "mean_brain_synapses": 93.88666666666667,
  "recall_sensor_median_final": 32.0,
  "recall_to_vocal_synapse_median_final": 62.0,
  "recall_sensors_trend": [
    32.0,
    32.0,
    32.0,
    32.0,
    32.0,
    32.0,
    32.0,
    32.0,
    32.0,
    32.0,
    32.0,
    32.0,
    32.0,
    32.0,
    32.0,
    32.0,
    32.0,
    32.0,
    32.0,
    32.0,
    32.0,
    32.0,
    32.0,
    32.0,
    32.0,
    32.0,
    32.0,
    32.0,
    32.0,
    32.0,
    32.0,
    32.0,
    32.0,
    32.0,
    32.0,
    32.0,
    32.0,
    32.0,
    32.0,
    32.0,
    32.0,
    32.0,
    32.0,
    32.0,
    32.0,
    32.0,
    32.0,
    32.0,
    32.0,
    32.0,
    32.0,
    32.0,
    32.0,
    32.0,
    32.0,
    32.0,
    32.0,
    32.0,
    32.0,
    32.0,
    32.0,
    32.0,
    32.0,
    32.0,
    32.0,
    32.0,
    32.0,
    32.0,
    32.0,
    32.0,
    32.0,
    32.0,
    32.0,
    32.0,
    32.0,
    32.0,
    32.0,
    32.0,
    32.0,
    32.0,
    32.0
  ],
  "r2v_synapses_trend": [
    64.0,
    64.0,
    64.0,
    64.0,
    64.0,
    64.0,
    64.0,
    64.0,
    64.0,
    64.0,
    64.0,
    64.0,
    64.0,
    64.0,
    64.0,
    64.0,
    64.0,
    64.0,
    64.0,
    64.0,
    64.0,
    64.0,
    64.0,
    64.0,
    64.0,
    64.0,
    64.0,
    64.0,
    64.0,
    64.0,
    64.0,
    64.0,
    63.0,
    63.0,
    63.0,
    63.0,
    63.0,
    63.0,
    63.0,
    63.0,
    63.0,
    63.0,
    63.0,
    63.0,
    63.0,
    63.0,
    63.0,
    63.0,
    63.0,
    63.0,
    63.0,
    63.0,
    63.0,
    63.0,
    63.0,
    63.0,
    63.0,
    63.0,
    63.0,
    63.0,
    63.0,
    63.0,
    63.0,
    63.0,
    63.0,
    63.0,
    63.0,
    62.5,
    62.0,
    62.0,
    62.5,
    62.0,
    62.0,
    62.0,
    62.0,
    62.0,
    62.0,
    62.0,
    62.0,
    62.0,
    62.0
  ],
  "brain_sizes_trend": [
    [
      76.0,
      95.0
    ],
    [
      75.99305555555556,
      94.98611111111111
    ],
    [
      75.94960212201592,
      94.93633952254642
    ],
    [
      75.87457044673539,
      94.8127147766323
    ],
    [
      75.875,
      94.76333333333334
    ],
    [
      75.88166666666666,
      94.765
    ],
    [
      75.88166666666666,
      94.76
    ],
    [
      75.87333333333333,
      94.735
    ],
    [
      75.84833333333333,
      94.72666666666667
    ],
    [
      75.83833333333334,
      94.69833333333334
    ],
    [
      75.83833333333334,
      94.68333333333334
    ],
    [
      75.83,
      94.69
    ],
    [
      75.82,
      94.64166666666667
    ],
    [
      75.82333333333334,
      94.64166666666667
    ],
    [
      75.81666666666666,
      94.63333333333334
    ],
    [
      75.82333333333334,
      94.615
    ],
    [
      75.79666666666667,
      94.605
    ],
    [
      75.76666666666667,
      94.60833333333333
    ],
    [
      75.75166666666667,
      94.58666666666667
    ],
    [
      75.745,
      94.55
    ],
    [
      75.73166666666667,
      94.54833333333333
    ],
    [
      75.72833333333334,
      94.52833333333334
    ],
    [
      75.735,
      94.48833333333333
    ],
    [
      75.75166666666667,
      94.47333333333333
    ],
    [
      75.74333333333334,
      94.46166666666667
    ],
    [
      75.74166666666666,
      94.44166666666666
    ],
    [
      75.75,
      94.40666666666667
    ],
    [
      75.76,
      94.34333333333333
    ],
    [
      75.75666666666666,
      94.35166666666667
    ],
    [
      75.74,
      94.335
    ],
    [
      75.72166666666666,
      94.325
    ],
    [
      75.725,
      94.28333333333333
    ],
    [
      75.73666666666666,
      94.24833333333333
    ],
    [
      75.71666666666667,
      94.235
    ],
    [
      75.71666666666667,
      94.22666666666667
    ],
    [
      75.735,
      94.225
    ],
    [
      75.72166666666666,
      94.21166666666667
    ],
    [
      75.695,
      94.19666666666667
    ],
    [
      75.67666666666666,
      94.19166666666666
    ],
    [
      75.66333333333333,
      94.205
    ],
    [
      75.66,
      94.185
    ],
    [
      75.65166666666667,
      94.165
    ],
    [
      75.64,
      94.17666666666666
    ],
    [
      75.63166666666666,
      94.19833333333334
    ],
    [
      75.615,
      94.17166666666667
    ],
    [
      75.58833333333334,
      94.17333333333333
    ],
    [
      75.55666666666667,
      94.19
    ],
    [
      75.54,
      94.185
    ],
    [
      75.535,
      94.16666666666667
    ],
    [
      75.53166666666667,
      94.15666666666667
    ],
    [
      75.545,
      94.12166666666667
    ],
    [
      75.50166666666667,
      94.105
    ],
    [
      75.50333333333333,
      94.065
    ],
    [
      75.49333333333334,
      94.07
    ],
    [
      75.46833333333333,
      94.07666666666667
    ],
    [
      75.48333333333333,
      94.04666666666667
    ],
    [
      75.495,
      94.05833333333334
    ],
    [
      75.50666666666666,
      94.035
    ],
    [
      75.51833333333333,
      94.02
    ],
    [
      75.52666666666667,
      94.01166666666667
    ],
    [
      75.52666666666667,
      94.005
    ],
    [
      75.50166666666667,
      93.99833333333333
    ],
    [
      75.48,
      93.99333333333334
    ],
    [
      75.50333333333333,
      93.97333333333333
    ],
    [
      75.53166666666667,
      93.94666666666667
    ],
    [
      75.48166666666667,
      93.90833333333333
    ],
    [
      75.50166666666667,
      93.89333333333333
    ],
    [
      75.51833333333333,
      93.86833333333334
    ],
    [
      75.52,
      93.845
    ],
    [
      75.515,
      93.87166666666667
    ],
    [
      75.52,
      93.90333333333334
    ],
    [
      75.49166666666666,
      93.88166666666666
    ],
    [
      75.49,
      93.91
    ],
    [
      75.49833333333333,
      93.91666666666667
    ],
    [
      75.515,
      93.90666666666667
    ],
    [
      75.50166666666667,
      93.91833333333334
    ],
    [
      75.52086811352254,
      93.92487479131887
    ],
    [
      75.52166666666666,
      93.93166666666667
    ],
    [
      75.50333333333333,
      93.90833333333333
    ],
    [
      75.50666666666666,
      93.88333333333334
    ],
    [
      75.49666666666667,
      93.88666666666667
    ]
  ]
}