{
  "arm": "B",
  "config": {
    "nolearn": false,
    "stdp_target": true,
    "delay": true,
    "delay_n": 2,
    "scratch": false
  },
  "horizon": 1000,
  "final_pop": 252,
  "extinct": false,
  "final_library_bytes": 6001,
  "mean_brain_neurons": 43.992063492063494,
  "mean_brain_synapses": 30.97222222222222,
  "recall_sensor_median_final": 0,
  "recall_to_vocal_synapse_median_final": 0,
  "recall_sensors_trend": [
    0,
    0,
    0,
    0,
    0,
    0,
    0,
    0,
    0,
    0,
    0,
    0,
    0,
    0,
    0,
    0,
    0,
    0,
    0,
    0,
    0
  ],
  "r2v_synapses_trend": [
    0,
    0,
    0,
    0,
    0,
    0,
    0,
    0,
    0,
    0,
    0,
    0,
    0,
    0,
    0,
    0,
    0,
    0,
    0,
    0,
    0
  ],
  "brain_sizes_trend": [
    [
      44.0,
      31.0
    ],
    [
      44.0,
      30.973509933774835
    ],
    [
      44.0,
      30.914383561643834
    ],
    [
      43.99315068493151,
      30.89041095890411
    ],
    [
      43.986622073578594,
      30.909698996655518
    ],
    [
      43.99346405228758,
      30.892156862745097
    ],
    [
      43.99013157894737,
      30.89144736842105
    ],
    [
      43.99303135888502,
      30.916376306620208
    ],
    [
      43.99657534246575,
      30.914383561643834
    ],
    [
      43.99649122807018,
      30.926315789473684
    ],
    [
      43.98913043478261,
      30.942028985507246
    ],
    [
      43.99250936329588,
      30.96629213483146
    ],
    [
      43.992537313432834,
      30.96641791044776
    ],
    [
      43.99245283018868,
      30.969811320754715
    ],
    [
      44.0,
      30.988326848249027
    ],
    [
      44.0,
      30.96124031007752
    ],
    [
      43.99616858237548,
      30.92337164750958
    ],
    [
      43.98884758364312,
      30.810408921933085
    ],
    [
      43.99604743083004,
      30.9802371541502
    ],
    [
      43.99604743083004,
      30.972332015810277
    ],
    [
      43.992063492063494,
      30.97222222222222
    ]
  ]
}