{
  "arm": "A",
  "config": {
    "nolearn": true,
    "stdp_target": false,
    "delay": false,
    "delay_n": 0,
    "scratch": false
  },
  "horizon": 1000,
  "final_pop": 247,
  "extinct": false,
  "final_library_bytes": 6198,
  "mean_brain_neurons": 43.987854251012145,
  "mean_brain_synapses": 30.987854251012145,
  "recall_sensor_median_final": 0,
  "recall_to_vocal_synapse_median_final": 0,
  "recall_sensors_trend": [
    0,
    0,
    0,
    0,
    0,
    0,
    0,
    0,
    0,
    0,
    0,
    0,
    0,
    0,
    0,
    0,
    0,
    0,
    0,
    0,
    0
  ],
  "r2v_synapses_trend": [
    0,
    0,
    0,
    0,
    0,
    0,
    0,
    0,
    0,
    0,
    0,
    0,
    0,
    0,
    0,
    0,
    0,
    0,
    0,
    0,
    0
  ],
  "brain_sizes_trend": [
    [
      44.0,
      31.0
    ],
    [
      44.0,
      30.984025559105433
    ],
    [
      43.99346405228758,
      30.964052287581698
    ],
    [
      43.993442622950816,
      30.904918032786885
    ],
    [
      43.98722044728434,
      30.881789137380192
    ],
    [
      43.97476340694006,
      30.873817034700316
    ],
    [
      43.97530864197531,
      30.84259259259259
    ],
    [
      43.97124600638978,
      30.86261980830671
    ],
    [
      43.97394136807818,
      30.892508143322477
    ],
    [
      43.964285714285715,
      30.853896103896105
    ],
    [
      43.96610169491525,
      30.89830508474576
    ],
    [
      43.9593220338983,
      30.88813559322034
    ],
    [
      43.95847750865052,
      30.903114186851212
    ],
    [
      43.95729537366548,
      30.87544483985765
    ],
    [
      43.97761194029851,
      30.932835820895523
    ],
    [
      43.984674329501914,
      30.950191570881227
    ],
    [
      43.98449612403101,
      30.953488372093023
    ],
    [
      43.99203187250996,
      30.97211155378486
    ],
    [
      43.992,
      30.972
    ],
    [
      43.991902834008094,
      30.979757085020243
    ],
    [
      43.987854251012145,
      30.987854251012145
    ]
  ]
}